jkt48.aralie,
jkt48.delynn,
alyajkt48,
christyjkt48,
anindyajkt48,
jkt48.virgi,
jkt48.auwia,
jkt48.aurellia_,
jkt48.lana,
jkt48.rilly,
jkt48.erine_,
cathyjkt48,
elinjkt48,
_chelseajkt48,
onieljkt48,
cynthiajkt48,
danellajkt48,
daisyjkt48,
ollajkt48,
fenijkt48,
fionyjkt48,
freyajkt48,
jkt48.fritzy,
jkt48.ella.a,
gendisjkt48,
gitajkt48,
graciejkt48,
greeseljkt48,
giaa.jkt48,
elijkt48,
jkt48.lily,
jkt48.maira,
indahjkt48,
jkt48.ekin,
jkt48.trisha,
jkt48.jemima,
jessijkt48,
jkt48.lyn.s,
kathrinjkt48,
lulu_jkt48,
marsha.jkt48,
michiejkt48,
jkt48.levi,
jkt48.mikaela,
muthejkt48,
jkt48.nayla,
jkt48.nachia,
jkt48.intan,
jkt48.oline,
jkt48v.pia,
jkt48.raisha.s,
jkt48.ribka,
jkt48.nala,
jkt48v.tana,
jkt48.kimmy,
